dataset,values,block_size,branching,fanin_cap,seed,crypto,scheme,kind,mode,queries,budget,real_mean,real_var,real_min,real_max,win10_max,win100_max,padded_per_query,overflows,rounds_mean,rounds_max,writes_per_query,ops_mean,ops_var,ops_min,ops_max,ops_win100_max,ms_per_query,max_stash,checked,mismatches,build_objects,build_entries,build_extra,build_build_s,build_max_fanin,build_heights,build_sigma
datasets/gowalla_2d_50k.pts,hash16,1024,64,raw,1,false,layered,group,dry-run,1000,172,39.9,802.3,13,102,63.7,45.9,172.0,0,21.4,35,182.7,222.6,45819.7,26,755,262.7,0.080,0,1000,0,21368544,189875,copies:0/seg:194528/wav:10643860/bst:4097,9.16,casc:583/dims:583/wav:102,skel:12/bst:12/seg:12/wav:16,35014
datasets/gowalla_2d_50k.pts,hash16,1024,64,raw,1,false,layered,semi,dry-run,1000,1460,77.8,8508.6,13,438,167.6,91.3,1460.0,0,23.2,47,285.6,363.4,189723.6,26,1772,431.9,0.432,0,1000,0,21368544,189875,copies:0/seg:194528/wav:10643860/bst:4097,9.16,casc:583/dims:583/wav:102,skel:12/bst:12/seg:12/wav:16,35014
datasets/gowalla_2d_50k.pts,hash16,1024,64,raw,1,false,layered,quantile,dry-run,1000,2812,94.9,13748.5,13,567,216.8,113.5,2812.0,0,29.9,66,306.4,401.3,241195.9,26,2089,481.6,0.790,0,1000,0,21368544,189875,copies:0/seg:194528/wav:10643860/bst:4097,9.16,casc:583/dims:583/wav:102,skel:12/bst:12/seg:12/wav:16,35014
datasets/gowalla_2d_50k.pts,hash16,1024,64,raw,1,false,sparq,group+semi,dry-run,1000,1036,57.6,859.8,15,190,92.8,63.5,1036.0,0,13.1,18,57.6,115.2,3439.4,30,380,127.1,0.095,0,1000,0,371244,371244,none,0.08,1,12x11,
datasets/gowalla_2d_50k.pts,hash16,256,30,raw,1,false,layered,group,dry-run,1000,172,40.1,813.6,13,102,64.2,46.1,172.0,0,21.5,36,138.2,178.3,27198.3,26,559,210.7,0.076,0,1000,0,21371126,189875,copies:0/seg:194528/wav:10643860/bst:4097,9.17,casc:583/dims:583/wav:102,skel:12/bst:12/seg:12/wav:16,35014
datasets/gowalla_2d_50k.pts,hash16,256,30,raw,1,false,layered,semi,dry-run,1000,1460,78.1,8570.2,13,438,168.1,91.7,1460.0,0,23.3,49,229.1,307.2,138798.8,26,1622,365.1,0.421,0,1000,0,21371126,189875,copies:0/seg:194528/wav:10643860/bst:4097,9.17,casc:583/dims:583/wav:102,skel:12/bst:12/seg:12/wav:16,35014
datasets/gowalla_2d_50k.pts,hash16,256,30,raw,1,false,layered,quantile,dry-run,1000,2812,95.2,13827.4,13,567,217.3,113.8,2812.0,0,30.0,66,250.0,345.2,183884.7,26,1963,414.7,0.783,0,1000,0,21371126,189875,copies:0/seg:194528/wav:10643860/bst:4097,9.17,casc:583/dims:583/wav:102,skel:12/bst:12/seg:12/wav:16,35014
datasets/gowalla_2d_50k.pts,hash16,256,30,raw,1,false,sparq,group+semi,dry-run,1000,1036,57.6,859.8,15,190,92.8,63.5,1036.0,0,13.1,18,57.6,115.2,3439.4,30,380,127.1,0.095,0,1000,0,371244,371244,none,0.08,1,12x11,
datasets/gowalla_2d_50k.pts,hash16,256,30,raw,1,false,layered,group,dry-run,1000,172,40.1,813.6,13,102,64.2,46.1,172.0,0,21.5,36,138.2,178.3,27198.3,26,559,210.7,0.077,0,1000,0,21371126,189875,copies:0/seg:194528/wav:10643860/bst:4097,9.14,casc:583/dims:583/wav:102,skel:12/bst:12/seg:12/wav:16,35014
datasets/gowalla_2d_50k.pts,hash16,256,30,raw,1,false,layered,semi,dry-run,1000,1460,78.1,8570.2,13,438,168.1,91.7,1460.0,0,23.3,49,229.1,307.2,138798.8,26,1622,365.1,0.427,0,1000,0,21371126,189875,copies:0/seg:194528/wav:10643860/bst:4097,9.14,casc:583/dims:583/wav:102,skel:12/bst:12/seg:12/wav:16,35014
datasets/gowalla_2d_50k.pts,hash16,256,30,raw,1,false,layered,quantile,dry-run,1000,2812,95.2,13827.4,13,567,217.3,113.8,2812.0,0,30.0,66,250.0,345.2,183884.7,26,1963,414.7,0.782,0,1000,0,21371126,189875,copies:0/seg:194528/wav:10643860/bst:4097,9.14,casc:583/dims:583/wav:102,skel:12/bst:12/seg:12/wav:16,35014
datasets/gowalla_2d_50k.pts,hash16,256,30,raw,1,false,sparq,group+semi,dry-run,1000,1036,57.6,859.8,15,190,92.8,63.5,1036.0,0,13.1,18,57.6,115.2,3439.4,30,380,127.1,0.095,0,1000,0,371244,371244,none,0.08,1,12x11,
